S.no,Hashtag,Posts,Comments,Likes
1,love,1212163650,115.44444444444444,4967.666666666667
2,friend,47119175,44.111111111111114,6833.222222222223
3,beach,168603835,11.555555555555555,893.6666666666666
4,family,242155953,18.77777777777778,813.5555555555555
5,yellow,29176748,59.111111111111114,3473.4444444444443
6,girl,281057306,25.444444444444443,418.1111111111111
7,fashion,455383628,35.77777777777778,1485.3333333333333
8,nike,64011478,219.55555555555554,8118.444444444444
9,snow,60306311,78.77777777777777,6853.555555555556
10,happy,410288134,46.44444444444444,2416.777777777778
11,bored,53050925,40.22222222222222,2760.5555555555557
12,school,36001219,23.11111111111111,1238.7777777777778
13,beautiful,442563826,9.333333333333334,648.0
14,tired,28314049,16.22222222222222,451.0
15,black,100236554,39.77777777777778,3859.1111111111113
16,sun,175495934,30.77777777777778,1871.5555555555557
17,selfie,327759150,4.888888888888889,103.11111111111111
18,instagood,697858970,247.55555555555554,1402.111111111111
19,nature,284292162,21.77777777777778,642.5555555555555
20,smile,257225596,96.55555555555556,2849.5555555555557
21,spring,72332879,17.88888888888889,2486.5555555555557
22,makeup,152383849,19.0,472.77777777777777
23,home,90844775,38.44444444444444,2754.777777777778
24,model,130669639,82.22222222222223,1245.5555555555557
25,throwback,83049085,118.66666666666667,18577.666666666668
26,loveyou,36676069,26.444444444444443,2862.222222222222
27,cute,402692234,38.333333333333336,2113.1111111111113
28,green,77792990,73.11111111111111,1990.3333333333333
29,truth,41244836,21.22222222222222,910.4444444444445
30,yummy,106606588,106.83333333333333,7451.333333333333
31,boyfriend,35273537,13.666666666666666,677.5555555555555
32,goodtimes,52426224,53.22222222222222,5909.666666666667
33,sea,87804626,15.0,753.5555555555555
34,beauty,209467630,7.111111111111111,419.55555555555554
35,instafood,102539465,34.111111111111114,2236.1111111111113
36,funny,112041140,12.777777777777779,695.1111111111111
37,cake,52801717,25.444444444444443,968.5555555555555
38,dog,157650939,68.33333333333333,3509.0
39,drunk,18338207,151.88888888888889,4879.444444444444
40,old,24831591,26.22222222222222,2280.1111111111113
41,flower,57023359,19.22222222222222,721.7777777777778
42,hair,139264440,18.0,1127.0
43,friday,53101052,16.88888888888889,682.1111111111111
44,fun,276015012,65.44444444444444,941.6666666666666
45,white,71018599,11.777777777777779,493.0
46,art,316693783,25.0,1593.4444444444443
47,tree,40154369,34.22222222222222,2394.777777777778
48,cool,121470318,184.88888888888889,4371.666666666667
49,red,84230765,35.22222222222222,3140.0
50,food,251475390,32.111111111111114,1253.0
51,photooftheday,480562521,29.555555555555557,2956.4444444444443
52,tattoo,80566353,30.77777777777778,530.1111111111111
53,new,75550068,42.77777777777778,5333.222222222223
54,boy,69631081,104.77777777777777,3459.6666666666665
55,justinbieber,31896168,29.444444444444443,1639.7777777777778
56,picoftheday,360878917,380.44444444444446,18315.555555555555
57,awesome,77705163,9.0,469.22222222222223
58,life,210169428,96.33333333333333,4177.555555555556
59,likeforlike,242486025,14.666666666666666,1289.3333333333333
60,instagram,195146428,86.0,3730.0
62,shoe,4424530,22.88888888888889,2103.6666666666665
62,shoe,4424530,22.88888888888889,2104.4444444444443
62,shoe,4424530,22.88888888888889,2108.0
61,style,266888450,42.44444444444444,2404.222222222222
62,shoe,4424532,22.88888888888889,2109.777777777778
66,instadaily,309797239,12.222222222222221,395.55555555555554
67,photography,188209505,9.555555555555555,445.22222222222223
68,amazing,203770847,17.333333333333332,1044.2222222222222
69,instalike,250707757,0.8888888888888888,28.22222222222222
70,follow,356131259,1.5555555555555556,31.22222222222222
71,blue,98781768,11.222222222222221,700.4444444444445
72,heart,30157474,43.333333333333336,2600.3333333333335
73,eye,9745454,72.88888888888889,4589.222222222223
74,summer,320161934,5.666666666666667,225.88888888888889
75,foodporn,144864768,55.111111111111114,2624.6666666666665
76,photo,177213642,37.111111111111114,3497.777777777778
77,party,121621062,35.22222222222222,2401.4444444444443
78,sky,158079158,149.44444444444446,8468.666666666666
79,yum,65100911,45.0,1933.0
80,vscocam,178303225,61.44444444444444,9547.888888888889
81,vsco,155937471,13.777777777777779,588.1111111111111
82,weekend,82717711,188.66666666666666,13695.888888888889
83,music,173597754,9.11111111111111,373.6666666666667
84,blackandwhite,95963766,21.0,1278.5555555555557
85,sunset,158373965,13.444444444444445,1351.111111111111
86,night,107772743,41.111111111111114,5511.777777777777
87,adidas,38444721,175.44444444444446,7089.666666666667
88,pink,99550200,13.11111111111111,477.55555555555554
89,fitness,236826843,36.666666666666664,1124.111111111111
90,instapic,112401171,7.111111111111111,542.4444444444445
91,sunday,74294111,25.666666666666668,1281.0
92,holiday,90736672,277.1111111111111,5767.777777777777
93,birthday,82931307,31.444444444444443,3235.0
94,lol,116323655,7.666666666666667,717.5555555555555
95,ootd,160731011,46.22222222222222,3045.5555555555557
96,instamood,0,7.166666666666667,323.8888888888889
97,colorful,55811154,17.77777777777778,475.77777777777777
99,design,114111416,50.666666666666664,4306.0
100,work,98069781,312.55555555555554,12208.888888888889
101,igdaily,72663217,2.2222222222222223,43.77777777777778
102,happiness,82924580,173.66666666666666,4682.555555555556
103,foodie,77345779,65.66666666666667,4123.222222222223
104,mountain,21460703,70.66666666666667,6072.333333333333
105,color,52808608,112.77777777777777,3078.8888888888887
106,baby,121850800,73.66666666666667,5930.0
107,nofilter,212537942,56.22222222222222,6028.777777777777
108,repost,294165573,13.11111111111111,1538.2222222222222
109,igers,219860804,2.4444444444444446,58.111111111111114
110,saturday,49938339,17.333333333333332,1868.111111111111
111,morning,78144463,20.22222222222222,327.8888888888889
112,dogsofinstagram,84149748,198.0,11937.555555555555
113,delicious,72146794,45.333333333333336,3063.0
114,goodmorning,86322909,16.444444444444443,652.4444444444445
115,drink,22374527,91.22222222222223,1216.5555555555557
116,landscape,74296823,32.333333333333336,2540.8888888888887
117,cat,131883624,46.22222222222222,1804.5555555555557
118,tbt,400383164,63.111111111111114,2069.6666666666665
119,healthy,111301529,10.777777777777779,363.77777777777777
120,pretty,137435120,7.0,409.77777777777777
121,cloud,14581265,48.111111111111114,1349.2222222222222
122,nice,74037429,37.22222222222222,2033.5555555555557
123,quote,46510145,98.66666666666667,3878.0
124,snapchat,0,33.0,970.3888888888889
125,goodnight,56383708,87.88888888888889,8535.555555555555
126,sneaker,7006028,44.333333333333336,1714.5555555555557
127,winter,84048014,144.77777777777777,4367.111111111111
128,loveit,64878962,58.0,4727.555555555556
129,sister,42291886,26.666666666666668,667.7777777777778
130,wedding,101902525,66.0,6013.0
131,vintage,64139978,14.88888888888889,843.2222222222222
132,lovely,47685604,12.444444444444445,585.0
134,day,64373514,18.555555555555557,1209.0
135,puppy,80321792,664.2222222222222,23166.11111111111
136,coffee,80929523,32.333333333333336,2495.777777777778
137,ocean,41037122,48.666666666666664,5410.222222222223
138,drawing,95624453,15.0,970.1111111111111
139,monday,32526271,40.44444444444444,1196.2222222222222
140,april,5420406,11.11111111111111,376.22222222222223
141,followforfollow,168390650,6.888888888888889,79.0
142,japan,73817336,50.111111111111114,3742.4444444444443
143,sexy,0,20.11111111111111,746.4444444444445
144,hot,104492279,51.77777777777778,2282.6666666666665
145,trip,68688527,15.0,426.8888888888889
146,memory,5468923,48.111111111111114,2373.3333333333335
147,lifestyle,107047555,16.77777777777778,584.8888888888889
148,handmade,102412449,27.11111111111111,558.2222222222222
149,polishgirl,35039235,26.11111111111111,522.0
150,italy,72579208,32.0,1037.0
151,motivation,126074820,77.66666666666667,3306.1111111111113
152,blonde,46596794,240.44444444444446,9610.666666666666
153,dinner,73651660,16.333333333333332,486.0
154,chocolate,54888465,99.33333333333333,2316.3333333333335
155,artist,78618688,13.777777777777779,794.3333333333334
156,selenagomez,19954688,29.666666666666668,3647.4444444444443
157,relax,72507992,59.22222222222222,5978.0
158,ink,41294509,9.11111111111111,448.77777777777777
159,gay,49218943,4.888888888888889,808.7777777777778
160,pet,54132488,61.77777777777778,3370.0
161,inspiration,92436121,361.3333333333333,13989.222222222223
162,instacool,87105665,3.6666666666666665,127.0
163,vacation,70183859,38.0,3186.6666666666665
164,kid,9843826,41.666666666666664,1851.888888888889
167,sunshine,46615594,37.77777777777778,2856.5555555555557
168,car,41723739,71.55555555555556,2211.4444444444443
171,shopping,77044879,85.66666666666667,4029.0
172,photographer,72156308,14.555555555555555,338.55555555555554
173,peace,53575185,49.111111111111114,2008.7777777777778
174,water,51429881,50.77777777777778,3455.777777777778
175,tagsforlikes,216435096,0.6666666666666666,35.333333333333336
176,couple,33539282,27.666666666666668,608.4444444444445
177,best,57207362,13.0,487.8888888888889
178,sunny,37002916,36.333333333333336,2125.5555555555557
179,photoshoot,51276532,19.77777777777778,1161.888888888889
180,mua,35699411,195.77777777777777,14499.222222222223
181,instaphoto,57397477,13.222222222222221,627.5555555555555
182,architecture,70031037,44.55555555555556,6417.444444444444
183,light,46399805,80.11111111111111,2352.3333333333335
184,dance,53085355,53.0,3272.1111111111113
185,tumblr,47915150,10.0,1690.0
186,animal,38736645,51.77777777777778,4627.333333333333
187,gym,117245098,26.11111111111111,763.8888888888889
188,lunch,58126487,47.111111111111114,2308.1111111111113
189,view,51024178,12.0,353.6666666666667
190,breakfast,67225214,25.88888888888889,693.5555555555555
191,mylove,47302657,27.0,1835.111111111111
192,dessert,34359666,628.6666666666666,3776.222222222222
193,happybirthday,52887104,7.555555555555555,397.44444444444446
194,daily,63863924,8.11111111111111,689.7777777777778
195,hairstyle,32398914,74.0,3407.222222222222
196,bestfriend,53252840,926.3333333333334,11900.666666666666
197,lip,4677584,22.11111111111111,2383.6666666666665
198,fit,101396599,36.77777777777778,793.1111111111111
199,meme,32730670,65.66666666666667,1339.2222222222222
200,sunnyday,27548170,10.555555555555555,327.77777777777777
201,dress,72425358,138.66666666666666,5374.777777777777
202,indonesia,59236902,141.0,4100.0
203,kiss,31246138,2.3333333333333335,488.77777777777777
204,picture,58157458,13.666666666666666,736.0
205,beer,47309497,41.888888888888886,1291.3333333333333
206,orange,26644270,42.111111111111114,724.2222222222222
207,foodstagram,32255071,46.22222222222222,2837.3333333333335
208,brother,29518387,27.444444444444443,841.5555555555555
209,goal,6490461,54.666666666666664,5261.888888888889
210,anime,57521306,22.77777777777778,3312.0
211,swag,130418161,50.0,614.0
212,instalove,82656625,39.666666666666664,1094.111111111111
213,garden,31535912,15.666666666666666,1250.7777777777778
214,london,89482892,37.333333333333336,1144.7777777777778
215,friendship,36897340,43.333333333333336,4492.777777777777
216,look,76382695,113.88888888888889,4166.888888888889
217,nail,27606555,10.0,341.1111111111111
218,arianagrande,22159231,147.88888888888889,3475.3333333333335
219,homemade,45208499,20.11111111111111,1312.4444444444443
220,crazy,40365806,302.44444444444446,11341.555555555555
221,vegan,52177899,30.333333333333332,746.3333333333334
222,fresh,43771222,18.666666666666668,1295.3333333333333
223,goodday,25588144,85.22222222222223,8763.666666666666
224,today,34488985,65.22222222222223,3342.8888888888887
225,canon,50687342,66.0,10033.888888888889
226,sand,19531123,52.44444444444444,3472.777777777778
227,moda,61913320,15.88888888888889,552.8888888888889
228,blessed,84349682,98.11111111111111,3218.8888888888887
229,perfect,47288865,40.888888888888886,2207.0
230,portrait,52740825,10.88888888888889,275.8888888888889
231,colour,17141363,32.111111111111114,3275.777777777778
232,bestfriends,46870820,248.0,2268.3333333333335
233,interior,28783820,27.666666666666668,3693.1111111111113
234,instamoment,42030598,20.77777777777778,538.3333333333334
235,forever,41748936,76.0,14269.444444444445
236,instasize,70741997,14.11111111111111,602.6666666666666
237,mood,41394526,56.111111111111114,1527.4444444444443
238,sad,22652056,33.333333333333336,897.4444444444445
239,nightout,17407164,43.666666666666664,3715.5555555555557
240,house,24878836,23.666666666666668,1392.111111111111
241,girlfriend,16010521,123.22222222222223,2973.6666666666665
242,workout,98685937,26.11111111111111,474.1111111111111
243,time,33803387,97.44444444444444,631.8888888888889
244,live,56457297,59.666666666666664,6201.888888888889
245,naturelovers,30758648,13.222222222222221,1011.7777777777778
246,sleep,20826118,91.11111111111111,14137.111111111111
247,rose,22921070,18.77777777777778,1684.4444444444443
248,nikon,43141020,37.22222222222222,2685.4444444444443
249,book,27751708,75.33333333333333,3704.8888888888887
250,luxury,58298900,19.666666666666668,900.4444444444445
251,pic,52359411,223.77777777777777,12929.444444444445
252,gold,34780217,19.555555555555557,1501.5555555555557
253,walk,19376196,18.333333333333332,1872.7777777777778
254,face,27998209,1225.7777777777778,8071.444444444444
255,instadog,44744673,251.66666666666666,13013.0
256,video,30221819,412.77777777777777,19563.222222222223
257,glass,9782078,22.444444444444443,4160.444444444444
258,natural,39325741,36.77777777777778,2313.5555555555557
259,street,42486748,16.11111111111111,1545.5555555555557
260,california,49499936,138.66666666666666,8859.333333333334
261,wanderlust,59120879,132.11111111111111,13602.888888888889
262,dogstagram,39949025,91.33333333333333,4421.666666666667
263,inked,20303244,76.77777777777777,8708.333333333334
264,sketch,57850545,10.88888888888889,745.5555555555555
265,nationalsiblingday,4316132,11.88888888888889,2484.6666666666665
266,fitfam,79554789,33.77777777777778,778.6666666666666
267,outfit,62890049,65.77777777777777,7058.111111111111
268,beard,27883511,22.666666666666668,224.66666666666666
269,australia,37895874,30.0,986.4444444444445
270,paris,75584668,63.111111111111114,13887.666666666666
271,bestoftheday,159451052,5.888888888888889,77.22222222222223
272,nyc,89105651,38.111111111111114,1315.7777777777778
273,russia,35752484,71.55555555555556,6832.666666666667
274,thailand,45658696,72.66666666666667,6461.666666666667
275,purple,23736487,73.44444444444444,4328.0
276,instafashion,72453381,15.666666666666666,1065.3333333333333
277,istanbul,50648069,6.555555555555555,632.3333333333334
278,rock,28583920,16.555555555555557,1244.6666666666667
279,converse,13618565,75.44444444444444,16178.555555555555
280,latepost,67711916,41.22222222222222,3288.222222222222
283,draw,37975099,13.333333333333334,782.4444444444445
284,insta,52813129,33.888888888888886,1148.5555555555557
285,city,53131417,41.888888888888886,6443.333333333333
286,enjoy,34510554,277.3333333333333,1198.5555555555557
287,goodvibes,38540763,35.77777777777778,1521.4444444444443
288,lovehim,37142700,8.11111111111111,488.0
289,surf,19055772,42.888888888888886,2409.8888888888887
290,bag,24715799,73.33333333333333,3928.5555555555557
291,newbalance,7018460,16.666666666666668,1728.888888888889
292,wood,16370088,35.44444444444444,4841.888888888889
293,van,2383308,8.777777777777779,493.1111111111111
294,instagay,25088804,21.22222222222222,1692.111111111111
295,mylife,35112938,48.77777777777778,7457.888888888889
296,running,37867680,7.333333333333333,391.3333333333333
297,jordan,15613148,71.0,1330.5555555555557
300,man,28020784,9.88888888888889,576.1111111111111
301,god,26695693,82.11111111111111,2223.4444444444443
302,foodgasm,30717848,17.444444444444443,726.5555555555555
303,forest,22064937,52.111111111111114,2680.4444444444443
304,healthyfood,36844879,293.55555555555554,11198.333333333334
305,strawberry,13721061,38.22222222222222,2747.222222222222
306,usa,57868766,235.22222222222223,8978.222222222223
307,blogger,49036687,169.88888888888889,20809.333333333332
308,beachlife,15722366,17.555555555555557,988.8888888888889
309,dream,27162382,57.666666666666664,2477.3333333333335
310,fruit,17446914,48.666666666666664,1696.6666666666667
311,bluesky,21910813,19.666666666666668,2471.1111111111113
312,airmax,5943910,34.22222222222222,2825.222222222222
313,sleepy,19207719,28.88888888888889,1479.111111111111
314,lfl,37638040,17.22222222222222,941.8888888888889
315,potd,34312584,148.11111111111111,9940.0
316,cold,33063626,42.888888888888886,4592.333333333333
317,decor,29529995,35.55555555555556,3486.5555555555557
318,dark,20326093,68.33333333333333,10772.444444444445
319,illustration,58262339,27.444444444444443,2453.3333333333335
320,queen,21947198,17.88888888888889,624.4444444444445
321,and,24846407,33.44444444444444,930.5555555555555
322,modeling,13992195,41.22222222222222,1612.888888888889
323,brunette,23729174,15.333333333333334,1983.2222222222222
324,health,68048201,22.333333333333332,383.8888888888889
325,interiordesign,37012274,41.0,1876.7777777777778
326,handsome,32439957,15.777777777777779,832.5555555555555
327,gift,29909285,1207.0,8525.444444444445
328,student,9042932,10.11111111111111,500.55555555555554
329,kobe,4908303,151.33333333333334,8499.888888888889
330,painting,46491168,15.222222222222221,692.1111111111111
331,bikini,28043764,116.66666666666667,6470.777777777777
332,makeupaddict,15560947,17.88888888888889,810.3333333333334
333,gopro,33048679,75.55555555555556,3738.1111111111113
334,iphone,32249309,214.77777777777777,15414.111111111111
335,men,25106014,50.333333333333336,3471.3333333333335
336,purpose,5321961,36.888888888888886,1927.7777777777778
337,top,43368000,128.77777777777777,15191.111111111111
338,laugh,21214878,261.44444444444446,15012.222222222223
339,adorable,51095003,146.11111111111111,6563.888888888889
340,purposetour,2484265,10.555555555555555,432.3333333333333
341,cafe,31530917,75.66666666666667,9525.0
342,foodphotography,17755932,128.44444444444446,5148.222222222223
343,explore,39216385,253.88888888888889,16728.11111111111
344,ski,7698817,60.44444444444444,3711.5555555555557
345,kick,2389637,16.22222222222222,919.4444444444445
346,the,35289192,74.77777777777777,1794.3333333333333
347,chill,28739704,59.44444444444444,5458.0
348,follower,23748762,10.444444444444445,262.6666666666667
349,blueeyes,19590715,18.77777777777778,1026.5555555555557
350,moment,23510827,7.555555555555555,1331.0
351,gainpost,16807222,20.444444444444443,1058.7777777777778
352,newyork,58294957,17.333333333333332,738.3333333333334
353,longhair,23792706,31.444444444444443,1372.6666666666667
354,traveling,39594229,246.77777777777777,11811.222222222223
355,plant,6816034,27.666666666666668,1928.5555555555557
356,paradise,25205480,47.111111111111114,1655.2222222222222
357,onedirection,53793601,16.77777777777778,527.8888888888889
358,kawaii,26753874,18.0,1059.888888888889
359,outdoors,30323618,17.22222222222222,1551.6666666666667
360,sneakerhead,12325178,26.77777777777778,1478.4444444444443
361,world,35949123,11.444444444444445,1238.7777777777778
362,travelgram,57297804,32.44444444444444,779.5555555555555
363,tasty,26879600,47.77777777777778,6710.666666666667
364,sunrise,43387533,14.0,264.22222222222223
365,bff,48011010,85.22222222222223,3514.6666666666665
366,tattooed,11885357,14.222222222222221,298.0
367,dubai,60079062,100.77777777777777,3632.3333333333335
368,island,16857286,29.333333333333332,1136.6666666666667
369,likeforfollow,61725390,3.3333333333333335,97.11111111111111
370,you,30148163,27.0,2019.6666666666667
372,haircut,21757362,9.11111111111111,835.8888888888889
373,teacher,6044363,382.0,2170.8888888888887
374,rain,28722786,17.0,399.1111111111111
375,park,22224030,41.77777777777778,1310.888888888889
376,inlove,28561976,55.888888888888886,3245.4444444444443
377,grey,12093131,24.0,1839.4444444444443
378,child,9817182,26.333333333333332,1755.0
379,sale,41232430,41.44444444444444,835.5555555555555
380,wine,34533220,16.88888888888889,832.6666666666666
381,lipstick,20923610,33.888888888888886,1608.111111111111
382,eat,29053509,17.0,1115.111111111111
383,snowboarding,6690213,18.666666666666668,2128.3333333333335
384,cooking,21122065,15.88888888888889,589.7777777777778
385,belieber,5424061,15.555555555555555,332.77777777777777
386,artwork,44709569,289.77777777777777,15393.444444444445
387,onlineshop,40776175,4.333333333333333,401.6666666666667
388,relationship,6321555,15.444444444444445,834.3333333333334
389,fashionista,54310008,20.0,1473.2222222222222
390,free,25027438,1364.7777777777778,6455.444444444444
391,bieber,5510785,14.222222222222221,1135.5555555555557
392,evening,20105868,47.77777777777778,2301.1111111111113
393,miami,44617471,18.11111111111111,897.4444444444445
394,classic,25876424,66.66666666666667,5185.222222222223
395,likesforlikes,49758772,1.4444444444444444,90.88888888888889
396,fridaynight,11717934,28.333333333333332,559.6666666666666
397,shop,29076431,13.777777777777779,1332.0
398,losangeles,36743043,34.333333333333336,876.2222222222222
399,snowboard,4866881,21.11111111111111,2276.222222222222
400,sepatu,12875440,3.4444444444444446,654.6666666666666
401,instachile,29852060,15.777777777777779,1242.3333333333333
402,gorgeous,37987671,60.77777777777778,2787.0
403,sunglass,1254713,25.77777777777778,213.55555555555554
404,baking,14258800,26.77777777777778,1388.3333333333333
405,passion,31393940,492.44444444444446,17752.88888888889
406,homesweethome,21083643,31.333333333333332,1619.888888888889
407,oldschool,15702170,24.555555555555557,1145.4444444444443
408,people,25303592,38.77777777777778,1812.0
409,springtime,6565402,16.666666666666668,1870.888888888889
410,fashionblogger,54112494,25.77777777777778,1048.6666666666667
411,training,59687225,15.444444444444445,412.77777777777777
412,basketball,17387253,202.66666666666666,4860.555555555556
413,lmao,27635763,9.777777777777779,1096.0
414,foodpic,20468850,40.22222222222222,2804.8888888888887
415,instatravel,51945605,31.0,1716.7777777777778
416,lake,29443596,50.333333333333336,1594.6666666666667
417,with,26129065,36.111111111111114,1844.2222222222222
418,guy,17358007,147.88888888888889,11329.222222222223
419,game,18988364,88.11111111111111,2502.4444444444443
420,grunge,15115699,62.77777777777778,6954.333333333333
421,football,38702903,191.44444444444446,19237.666666666668
422,nba,11953394,79.44444444444444,2427.6666666666665
423,gayboy,15844250,7.0,396.3333333333333
424,hiphop,40847329,28.88888888888889,1579.4444444444443
425,taylorswift,12708406,11.222222222222221,552.5555555555555
426,bar,18324363,7.444444444444445,367.8888888888889
427,mac,20639187,43.77777777777778,3150.8888888888887
428,depressed,10812638,14.0,566.4444444444445
429,instagirl,0,4.388888888888889,79.80555555555556
430,faith,20894406,63.22222222222222,2307.4444444444443
431,beliebers,3625456,72.33333333333333,2880.222222222222
432,spain,35314152,125.66666666666667,4761.777777777777
433,polishboy,10690433,13.0,378.77777777777777
434,canada,32184139,38.0,3980.8888888888887
435,florida,32161963,56.44444444444444,5310.111111111111
436,homedecor,24756647,47.55555555555556,4811.333333333333
437,loveyourself,18569995,60.77777777777778,2847.777777777778
438,shadow,10268589,15.444444444444445,346.55555555555554
439,foodpics,22148715,42.77777777777778,1582.3333333333333
440,run,29515457,65.77777777777777,2961.1111111111113
441,cupcake,9199252,15.444444444444445,954.6666666666666
442,catsofinstagram,70260026,64.33333333333333,2999.5555555555557
443,singer,22733688,131.11111111111111,4424.222222222223
444,retro,19489516,15.222222222222221,1529.0
445,roadtrip,33442892,61.888888888888886,4239.333333333333
446,instafollow,82909353,1.3333333333333333,35.55555555555556
447,lady,13166043,9.222222222222221,508.55555555555554
448,body,35010081,78.77777777777777,6457.444444444444
449,wow,23582734,17.11111111111111,600.6666666666666
450,foodlover,16681512,29.88888888888889,864.7777777777778
451,nikeairmax,3815922,25.77777777777778,1687.7777777777778
452,creative,35589382,47.22222222222222,5655.222222222223
453,freedom,24540423,45.0,2214.3333333333335
454,icecream,28709618,375.0,1262.6666666666667
455,vscogood,23438041,52.44444444444444,3095.3333333333335
456,class,10464941,31.555555555555557,3367.4444444444443
457,tokyo,29334862,21.333333333333332,1301.5555555555557
458,naturephotography,25676153,114.0,7672.333333333333
459,sibling,1271516,38.77777777777778,1402.0
460,accessory,5007603,18.666666666666668,656.8888888888889
461,bride,29678217,35.888888888888886,4473.222222222223
462,emo,12346767,20.77777777777778,921.0
463,cocktail,8111787,30.88888888888889,1369.3333333333333
464,bali,33094263,85.33333333333333,12463.777777777777
465,building,17595028,27.11111111111111,2326.3333333333335
466,disney,44132196,19.666666666666668,1761.3333333333333
467,puma,7270952,27.333333333333332,1461.5555555555557
468,movie,26041157,74.11111111111111,2858.222222222222
469,korea,27709821,12.777777777777779,742.1111111111111
470,bike,23506726,28.0,1700.0
471,moscow,32746999,22.22222222222222,2284.1111111111113
472,eatclean,47640341,36.666666666666664,696.8888888888889
473,word,9931386,35.111111111111114,2143.6666666666665
474,comedy,14332927,19.22222222222222,865.6666666666666
475,instaboy,13619777,87.33333333333333,3380.3333333333335
476,decoration,16842546,13.333333333333334,888.4444444444445
477,loveher,46096276,13.0,693.7777777777778
478,mambaday,338227,136.88888888888889,9741.888888888889
479,hiking,29002532,61.77777777777778,2624.8888888888887
480,cutie,30673023,74.77777777777777,2757.5555555555557
481,bnw,18281802,14.11111111111111,468.22222222222223
482,designer,27986137,15.777777777777779,697.5555555555555
483,youtube,27940374,39.333333333333336,1089.3333333333333
484,bird,14752592,139.33333333333334,17204.777777777777
485,lakers,2949564,92.11111111111111,3382.5555555555557
486,club,13787322,18.77777777777778,455.55555555555554
487,spb,11186967,29.0,2252.1111111111113
488,justin,5477570,6.666666666666667,315.1111111111111
489,travelling,30314781,23.444444444444443,536.7777777777778
490,venezuela,35312386,397.3333333333333,6039.333333333333
491,quoteoftheday,21913812,147.44444444444446,5596.666666666667
492,photograph,15650469,282.8888888888889,13760.333333333334
493,mom,28508429,46.333333333333336,4258.666666666667
494,skiing,5381631,202.0,55376.555555555555
495,bed,13885859,28.555555555555557,1196.6666666666667
496,manga,25294466,15.222222222222221,1040.111111111111
497,cosmetic,6212288,11.666666666666666,1055.6666666666667
499,haha,24680798,120.0,3375.777777777778
500,thankyou,23781999,36.888888888888886,946.1111111111111
501,jewelry,41824145,40.666666666666664,2455.0
502,band,13407975,19.77777777777778,2870.4444444444443
503,son,20414367,11.555555555555555,348.3333333333333
505,redlips,12291561,84.55555555555556,6628.666666666667
506,true,25087635,30.22222222222222,3346.777777777778
507,river,21698621,67.22222222222223,3308.0
508,hairstylist,14912065,16.444444444444443,2726.5555555555557
509,jelena,2588866,29.22222222222222,1298.3333333333333
510,yoga,43559914,809.8888888888889,6051.444444444444
511,collection,15049739,35.55555555555556,2408.777777777778
512,muscle,35040941,42.44444444444444,2267.0
513,latergram,41591794,66.55555555555556,2102.5555555555557
514,instagramers,59514410,15.666666666666666,294.77777777777777
515,bodybuilding,66122615,28.0,652.0
516,mexico,36836794,465.6666666666667,9901.777777777777
517,italia,28527736,48.0,5496.888888888889
518,grass,9457907,10.0,362.6666666666667
519,babygirl,39581710,3245.5555555555557,57244.555555555555
520,studio,19343458,42.44444444444444,1764.6666666666667
521,study,9484072,14.11111111111111,1235.888888888889
522,babe,0,2.361111111111111,85.13888888888889
523,fish,20129301,49.22222222222222,4855.555555555556
524,believe,18186907,42.0,983.0
525,depression,13234775,14.555555555555555,1469.111111111111
526,history,17634155,22.22222222222222,1912.2222222222222
527,bae,14221041,20.555555555555557,975.7777777777778
528,salad,15074521,44.888888888888886,912.5555555555555
529,tulip,1597329,12.444444444444445,628.1111111111111
530,jesus,18451587,53.111111111111114,1976.5555555555557
531,turkey,31554143,17.666666666666668,370.44444444444446
532,motd,13830669,42.22222222222222,5222.777777777777
533,shooting,17282894,11.777777777777779,415.44444444444446
534,hello,15298796,12.555555555555555,588.4444444444445
535,saturdaynight,16254885,20.22222222222222,4372.0
536,brown,13887338,17.77777777777778,2254.8888888888887
537,filter,11960545,19.11111111111111,1075.888888888889
538,cousin,14368697,12.555555555555555,2805.6666666666665
539,chanel,52762575,104.33333333333333,15193.555555555555
540,kobebryant,1061882,51.77777777777778,1943.7777777777778
541,melbourne,19971144,20.0,1190.6666666666667
542,actor,15263753,56.55555555555556,5607.888888888889
543,original,17999034,42.888888888888886,4009.4444444444443
544,pizza,29519129,60.0,5076.111111111111
545,boanoite,43277912,61.888888888888886,2696.6666666666665
546,tea,21982562,37.888888888888886,2548.8888888888887
547,alone,0,6.333333333333333,155.91666666666666
548,doodle,21441135,586.8888888888889,18658.11111111111
549,doglover,23186165,712.0,27084.555555555555
550,dogoftheday,22091948,724.3333333333334,26520.88888888889
551,uae,41121918,25.88888888888889,1266.7777777777778
552,song,19039556,32.77777777777778,3248.6666666666665
553,great,16934459,29.0,2331.4444444444443
554,princess,28053691,13.666666666666666,719.4444444444445
555,trend,22025349,89.0,4583.444444444444
556,india,25781270,79.22222222222223,11196.0
557,happyday,16472729,9.333333333333334,560.3333333333334
558,cherryblossom,3731999,18.555555555555557,1869.3333333333333
559,hope,19456765,67.66666666666667,3859.8888888888887
560,watch,16834289,122.66666666666667,1646.111111111111
561,missyou,13120058,35.22222222222222,1575.4444444444443
562,diet,42798298,56.77777777777778,3191.5555555555557
563,lovelife,17181310,43.44444444444444,3261.777777777778
564,soul,13583951,15.777777777777779,1036.2222222222222
565,window,8981549,13.777777777777779,1308.111111111111
566,college,15572536,23.333333333333332,1606.2222222222222
567,amor,53064665,26.333333333333332,2878.222222222222
568,rainbow,20855207,74.88888888888889,3825.4444444444443
569,iphoneonly,84510498,7.888888888888889,320.1111111111111
570,together,17181151,122.77777777777777,7565.666666666667
571,goodlife,12009879,15.666666666666666,1170.6666666666667
572,omg,17232170,35.44444444444444,1155.888888888889
573,snap,0,10.722222222222221,468.52777777777777
574,weather,26606071,29.77777777777778,1737.7777777777778
575,hashtag,16490869,29.11111111111111,400.3333333333333
576,japanese,15889561,50.0,3058.8888888888887
577,business,26346515,56.77777777777778,1006.4444444444445
578,camera,17042911,83.77777777777777,1473.111111111111
579,organic,25611437,56.666666666666664,3262.222222222222
580,comment,26329187,46.77777777777778,320.55555555555554
581,yolo,27156987,15.777777777777779,1690.7777777777778
582,afternoon,10618621,19.444444444444443,1399.5555555555557
583,daughter,22244282,14.11111111111111,672.6666666666666
584,foto,22504020,7.222222222222222,498.3333333333333
585,birthdaycake,8726678,15.777777777777779,1138.888888888889
586,job,14257462,9.666666666666666,402.6666666666667
587,babyboy,31374571,65.33333333333333,5329.444444444444
588,smoke,14553676,34.22222222222222,1402.6666666666667
589,shirt,14064442,24.22222222222222,2149.6666666666665
590,yeezy,7602244,112.22222222222223,3865.4444444444443
591,followtrain,15191916,51.111111111111114,434.44444444444446
592,sydney,20438718,36.55555555555556,1366.888888888889
593,barcelona,34357958,115.55555555555556,7878.222222222223
594,redhair,11500503,14.88888888888889,738.4444444444445
596,streetstyle,39460218,46.111111111111114,1670.888888888889
597,norway,15064854,104.44444444444444,5200.555555555556
598,respect,13521545,245.0,13915.111111111111
599,boat,14705511,43.22222222222222,2529.777777777778
600,beautifulday,16266186,73.66666666666667,5273.0
601,anastasiabeverlyhills,12758030,511.8888888888889,15941.555555555555
602,mcm,46639665,32.333333333333336,491.55555555555554
603,hawaii,22470639,85.77777777777777,7473.666666666667
604,paint,21182866,25.333333333333332,2275.6666666666665
605,streetphotography,34416385,25.666666666666668,1809.888888888889
606,play,16967128,64.33333333333333,2598.777777777778
607,thebest,15002625,6.111111111111111,602.3333333333334
608,funtimes,18130662,114.77777777777777,5570.777777777777
609,fire,21050362,16.666666666666668,1532.4444444444443
610,strong,36512352,141.22222222222223,4078.1111111111113
611,tag,12211850,42.55555555555556,874.6666666666666
612,kpop,39743778,41.888888888888886,2997.8888888888887
613,alternative,11002804,87.66666666666667,6308.666666666667
614,leaf,4959976,8.222222222222221,1071.6666666666667
615,ice,13044642,110.66666666666667,3275.222222222222
616,stylish,39465140,64.77777777777777,5398.555555555556
617,thursday,13248110,31.555555555555557,5126.777777777777
618,kitty,36402302,53.0,2698.8888888888887
619,lgbt,16936124,134.0,5548.222222222223
620,leg,1669510,22.22222222222222,1939.5555555555557
621,surfing,9604503,36.0,2884.777777777778
622,alcohol,8266938,13.333333333333334,830.7777777777778
623,texas,22428728,85.11111111111111,1988.7777777777778
624,jean,2048213,18.555555555555557,1058.5555555555557
625,playa,15643891,40.22222222222222,3459.1111111111113
626,glam,19922557,23.88888888888889,2534.6666666666665
627,weightloss,39534170,34.55555555555556,1604.4444444444443
628,makeupjunkie,10681844,23.555555555555557,1369.6666666666667
629,lover,6901786,12.0,794.0
630,cleaneating,35426089,21.77777777777778,463.22222222222223
631,harrystyles,36067793,16.555555555555557,541.8888888888889
632,tgif,28254494,160.77777777777777,5904.111111111111
633,detail,5114703,39.333333333333336,3154.4444444444443
634,wild,13259412,42.888888888888886,2718.0
635,favorite,13514738,28.77777777777778,482.77777777777777
636,sol,23139212,16.77777777777778,282.55555555555554
637,university,8613142,34.22222222222222,3394.8888888888887
638,king,12644925,13.444444444444445,495.0
639,leather,13834407,126.11111111111111,4147.888888888889
640,girlswithtattoos,13257805,9.222222222222221,273.3333333333333
641,seaside,9329179,64.77777777777777,3230.1111111111113
642,eyebrow,1514167,25.555555555555557,1707.6666666666667
643,dank,18014297,21.555555555555557,294.0
644,hkig,22052046,29.555555555555557,1310.888888888889
645,silver,16218663,96.88888888888889,975.2222222222222
646,kendalljenner,5170769,15.444444444444445,1236.4444444444443
647,team,18977401,20.333333333333332,1649.888888888889
648,justdoit,12907440,19.555555555555557,1626.888888888889
649,poetry,16333696,62.22222222222222,4365.888888888889
650,goodtime,16874308,39.0,4159.777777777777
651,mensfashion,24834221,23.666666666666668,953.2222222222222
652,hotel,17332834,41.77777777777778,2364.4444444444443
653,toronto,26526276,52.22222222222222,2581.3333333333335
654,relationshipgoals,6942083,39.0,1797.5555555555557
655,aesthetic,18932617,23.666666666666668,771.4444444444445
656,curlyhair,15005481,135.77777777777777,13381.222222222223
657,poland,15891385,14.333333333333334,769.6666666666666
658,power,20114913,53.111111111111114,2950.0
659,road,14031776,24.77777777777778,994.7777777777778
660,beyonce,0,13.25,254.13888888888889
661,monochrome,14456009,38.22222222222222,3409.4444444444443
662,random,14914530,10.666666666666666,317.6666666666667
663,haircolor,13659873,22.333333333333332,1247.4444444444443
664,film,28385004,136.55555555555554,6220.333333333333
665,pool,21998118,377.22222222222223,6284.555555555556
666,banana,11211511,22.555555555555557,1486.888888888889
667,mine,10992670,19.11111111111111,413.1111111111111
668,myself,13495519,20.333333333333332,197.0
669,country,15448748,13.555555555555555,984.4444444444445
670,event,12782017,30.333333333333332,438.6666666666667
671,kimkardashian,8004034,11.222222222222221,592.1111111111111
672,flowerstagram,11053130,32.44444444444444,1065.2222222222222
673,angel,13088420,8.444444444444445,493.0
674,walking,13242457,46.22222222222222,1947.5555555555557
675,puppylove,25548505,783.5555555555555,30960.555555555555
676,beautyblogger,0,57.416666666666664,950.0833333333334
677,apple,20166583,292.44444444444446,7318.555555555556
678,fitspo,50779601,214.88888888888889,7935.222222222223
679,petstagram,31183232,52.77777777777778,3182.5555555555557
680,autumn,54455068,15.777777777777779,1451.888888888889
681,miss,15179058,3.3333333333333335,319.8888888888889
682,followback,82978690,11.11111111111111,145.22222222222223
683,mirror,0,22.11111111111111,919.4722222222222
684,metal,15051589,15.444444444444445,882.7777777777778
685,out,16352587,13.222222222222221,788.4444444444445
686,energy,14672550,27.0,1661.7777777777778
687,eyeliner,9261639,27.11111111111111,1212.3333333333333
688,hand,6734861,41.77777777777778,4627.555555555556
689,selca,14748319,28.555555555555557,1819.888888888889
690,europe,27299072,60.888888888888886,5095.444444444444
691,dancer,13581320,10.222222222222221,442.22222222222223
692,hat,12980305,41.111111111111114,2577.6666666666665
693,skyporn,19632830,106.77777777777777,4936.0
694,america,23976744,18.77777777777778,1607.5555555555557
695,hungry,22699677,31.333333333333332,4462.777777777777
696,lovethem,28440677,86.88888888888889,546.8888888888889
697,high,11661397,30.0,1060.4444444444443
698,working,11884305,31.11111111111111,1175.6666666666667
699,hollywood,18809764,30.444444444444443,2287.8888888888887
700,eyeshadow,9840148,22.0,1726.888888888889
701,lash,3267518,16.666666666666668,669.4444444444445
702,mother,14305632,23.0,598.7777777777778
703,asian,19413544,19.0,314.0
704,diy,31147500,44.666666666666664,7115.111111111111
705,sfs,17677881,15.88888888888889,426.8888888888889
706,fff,27635186,54.666666666666664,305.22222222222223
707,brazil,23386924,44.666666666666664,4396.333333333333
708,restaurant,18117339,14.333333333333334,508.1111111111111
709,air,6725067,46.111111111111114,2426.6666666666665
710,foodblogger,14691652,42.666666666666664,774.7777777777778
711,reflection,16403641,19.77777777777778,928.3333333333334
712,likeit,8433250,108.77777777777777,394.44444444444446
713,tshirt,18633810,9.555555555555555,323.0
714,hilarious,13470977,10.11111111111111,828.0
715,cali,18598648,201.55555555555554,14921.888888888889
716,berlin,26217776,60.55555555555556,995.2222222222222
717,shot,5866676,8.333333333333334,253.33333333333334
718,stylist,15367514,36.666666666666664,3884.6666666666665
719,pictureoftheday,25164076,212.11111111111111,47564.77777777778
720,brow,991864,89.88888888888889,8062.666666666667
721,blossom,6206196,102.88888888888889,11584.888888888889
722,makeuplover,11098646,512.0,5839.555555555556
723,church,19389527,53.77777777777778,4581.555555555556
724,healthyeating,20988104,34.55555555555556,1339.7777777777778
725,zara,23203842,101.66666666666667,8432.0
726,lifeisgood,13545477,34.55555555555556,1000.5555555555555
727,graffiti,29001772,8.11111111111111,379.6666666666667
728,lazy,10177251,46.44444444444444,3829.3333333333335
729,kitchen,11412474,12.555555555555555,1403.4444444444443
730,denim,11252677,72.0,4752.444444444444
731,instafit,33018939,80.77777777777777,2594.6666666666665
732,train,28599675,20.555555555555557,523.3333333333334
733,instabeauty,15549793,61.888888888888886,2347.4444444444443
734,glitter,17143970,50.44444444444444,3097.4444444444443
735,wonderful,13872498,28.555555555555557,1744.2222222222222
736,primavera,7109802,24.333333333333332,3004.4444444444443
737,blond,8342553,69.22222222222223,2921.5555555555557
738,big,12372123,21.11111111111111,2180.8888888888887
739,success,29176353,71.22222222222223,3472.222222222222
740,heel,645490,3.111111111111111,185.22222222222223
741,summertime,30009142,6.666666666666667,567.2222222222222
742,clothes,22926037,80.66666666666667,5498.666666666667
743,fly,12446579,8.666666666666666,636.2222222222222
744,chic,18590128,32.0,3360.0
745,show,18245780,26.555555555555557,692.0
746,nailart,38735718,72.44444444444444,2039.7777777777778
747,guitar,21082292,50.333333333333336,3505.5555555555557
748,make,10802193,19.88888888888889,582.5555555555555
749,entrepreneur,25751512,32.0,830.1111111111111
750,macro,10363876,16.555555555555557,930.1111111111111
751,zaynmalik,23545247,16.22222222222222,353.6666666666667
752,greeneye,156245,1.1111111111111112,89.88888888888889
753,dad,15400305,91.55555555555556,7309.777777777777
754,truelove,15528641,7.666666666666667,299.1111111111111
755,bright,8422545,9.11111111111111,394.22222222222223
756,hudabeauty,11140709,25.444444444444443,793.6666666666666
757,simple,13955818,86.88888888888889,2941.4444444444443
758,blog,25529163,208.44444444444446,7929.222222222223
759,magic,18012406,142.77777777777777,8471.222222222223
760,scenery,11640842,15.333333333333334,871.3333333333334
761,pose,11858387,10.666666666666666,273.1111111111111
762,edit,12181822,66.66666666666667,2429.6666666666665
763,niallhoran,29996243,8.666666666666666,387.8888888888889
764,shoutout,44095700,1.7777777777777777,99.0
765,positivevibes,17077206,55.77777777777778,2189.4444444444443
766,feeling,6736625,79.44444444444444,4992.555555555556
767,throwbackthursday,39248483,28.555555555555557,2730.0
768,real,13338853,105.33333333333333,5626.333333333333
769,money,26640390,88.0,3100.5555555555557
770,young,14903040,109.33333333333333,7546.0
771,piercing,8637462,6.444444444444445,491.8888888888889
772,gymlife,32684762,24.88888888888889,573.7777777777778
773,selfies,19790486,63.111111111111114,789.1111111111111
774,brasil,33232734,277.3333333333333,14516.666666666666
775,nomakeup,15133480,71.77777777777777,2222.4444444444443
776,urban,24340083,16.444444444444443,2630.0
777,rap,21625560,107.77777777777777,4798.666666666667
778,nightlife,14945745,25.77777777777778,2665.0
779,kidrauhl,2499883,11.333333333333334,1012.3333333333334
780,positive,13417745,96.66666666666667,11194.555555555555
781,curl,822578,10.666666666666666,1103.888888888889
782,shoot,9106767,25.444444444444443,539.6666666666666
783,streetart,33119964,15.444444444444445,525.5555555555555
784,necklace,16569663,42.44444444444444,513.1111111111111
785,little,16740273,13.555555555555555,482.55555555555554
786,pastel,11360472,9.666666666666666,575.6666666666666
787,besties,0,4.472222222222222,299.9166666666667
788,joy,16047685,31.0,912.6666666666666
789,dedication,20761636,143.66666666666666,5609.0
790,nomnom,13118806,62.77777777777778,2690.1111111111113
791,vegetarian,16242745,55.44444444444444,1494.6666666666667
792,for,18206287,24.333333333333332,1741.2222222222222
793,moon,19479340,37.333333333333336,3675.4444444444443
794,vega,470164,16.11111111111111,616.5555555555555
795,pencil,20232947,79.55555555555556,4767.111111111111
797,outdoor,11252877,191.77777777777777,8554.222222222223
798,maccosmetics,11132888,68.77777777777777,5081.444444444444
799,ab,956392,360.22222222222223,23584.11111111111
800,doubletap,16217630,23.22222222222222,1223.4444444444443
801,hardwork,17353108,60.55555555555556,4182.111111111111
802,instaart,30471467,51.0,3838.6666666666665
803,vibe,4132542,46.666666666666664,1559.111111111111
804,nutrition,27538649,81.55555555555556,3068.222222222222
805,modern,11728124,27.0,1501.0
806,rihanna,10049813,9.88888888888889,706.4444444444445
807,wisdom,10253973,59.22222222222222,2450.5555555555557
808,instacake,4223700,33.0,2269.8888888888887
809,joke,6715354,126.55555555555556,5310.777777777777
810,kyliejenner,10084687,127.55555555555556,2297.1111111111113
811,teen,0,5.472222222222222,197.25
812,classy,15242179,25.22222222222222,1677.2222222222222
813,vscogram,9498028,36.888888888888886,2405.5555555555557
814,colombia,22898350,52.77777777777778,5611.666666666667
815,travelingram,14966989,21.666666666666668,930.5555555555555
816,traveler,17865488,38.44444444444444,2686.777777777778
817,girly,17623586,46.111111111111114,2659.3333333333335
818,scene,7800646,16.11111111111111,656.0
819,goth,7411876,18.444444444444443,1238.111111111111
820,demilovato,7054649,15.555555555555555,556.3333333333334
821,focus,24894073,30.0,926.1111111111111
822,colourful,8311227,46.44444444444444,1479.2222222222222
823,clothing,17105124,30.666666666666668,746.1111111111111
824,chef,13726947,39.333333333333336,2120.6666666666665
825,peaceful,10292549,47.22222222222222,774.1111111111111
826,myworld,16761799,27.555555555555557,1733.3333333333333
827,asia,0,9.5,495.69444444444446
828,workhard,17081660,34.333333333333336,4926.666666666667
829,likeforlikes,18180039,1.4444444444444444,157.66666666666666
830,instalife,15594568,12.444444444444445,276.55555555555554
831,menstyle,13587288,42.0,5428.444444444444
832,familytime,28993339,63.22222222222222,5582.222222222223
833,menswear,18958831,23.666666666666668,942.1111111111111
834,bizzle,1801845,109.33333333333333,3628.0
835,milan,13005574,53.666666666666664,5844.111111111111
836,vscorussia,12244795,24.444444444444443,1440.111111111111
837,milano,17905297,39.111111111111114,3328.1111111111113
838,glamour,15556712,84.77777777777777,10673.666666666666
839,bomdia,46022737,17.333333333333332,1268.7777777777778
840,tuesday,12574387,56.333333333333336,408.3333333333333
841,french,12508879,30.0,790.5555555555555
842,braid,5161878,13.11111111111111,1416.5555555555557
843,england,19778615,54.111111111111114,7008.444444444444
844,earth,14177588,186.33333333333334,8861.0
845,iphonesia,75176488,3.2222222222222223,88.11111111111111
846,snapshot,13679692,11.666666666666666,620.6666666666666
847,casual,11362020,52.55555555555556,2684.4444444444443
848,musthave,11801019,30.11111111111111,1849.6666666666667
849,kuwait,39345757,68.22222222222223,3716.222222222222
850,silly,13160456,34.55555555555556,869.7777777777778
851,arte,24239102,42.22222222222222,3188.5555555555557
852,chilling,14368927,30.666666666666668,915.0
853,likeme,15257363,4.888888888888889,163.44444444444446
854,sunlight,7670785,23.666666666666668,1620.4444444444443
855,gain,3027050,135.66666666666666,597.6666666666666
856,ilovemydog,22387067,680.0,24420.88888888889
857,sorry,5700975,16.0,1203.4444444444443
858,gaintrick,8137244,39.666666666666664,637.5555555555555
859,epic,12679981,18.22222222222222,952.1111111111111
861,pop,14631070,41.44444444444444,2112.222222222222
862,italian,13242859,21.22222222222222,2156.222222222222
863,romantic,9185762,26.666666666666668,976.0
864,mileycyrus,0,21.88888888888889,359.1666666666667
865,always,0,25.11111111111111,2098.6388888888887
866,followalways,15725977,8.0,173.44444444444446
867,trendy,18368475,16.555555555555557,3010.1111111111113
868,vscophile,14037593,10.666666666666666,442.8888888888889
869,naturelover,11469289,47.22222222222222,3144.4444444444443
870,weird,8543185,22.0,1894.111111111111
871,actress,11179156,23.0,1760.0
872,instamakeup,10841754,530.4444444444445,4509.0
873,humor,13603789,34.333333333333336,4014.8888888888887
874,jacket,9673456,27.88888888888889,1614.111111111111
875,fitgirl,21569852,58.0,1369.4444444444443
876,now,11636968,19.11111111111111,263.8888888888889
877,traveller,14960008,67.44444444444444,8022.0
878,brand,12775850,278.22222222222223,6995.111111111111
879,magazine,11038038,14.444444444444445,1363.0
880,photogrid,24880238,11.666666666666666,809.6666666666666
881,inspire,19705626,63.0,7890.0
882,year,5080820,42.77777777777778,1072.111111111111
883,healthychoices,18903293,18.555555555555557,469.1111111111111
884,toptags,17408814,10.666666666666666,406.6666666666667
885,boho,0,21.13888888888889,563.0
886,xoxo,10928821,49.888888888888886,754.6666666666666
887,warm,13541866,74.77777777777777,770.4444444444445
888,mode,10831879,51.333333333333336,2298.222222222222
889,celebrate,9522139,136.22222222222223,9592.888888888889
890,delish,14750934,45.44444444444444,1513.7777777777778
891,wakeup,8013832,91.0,5363.0
893,stunning,11362928,30.666666666666668,1492.2222222222222
894,protein,18626824,135.66666666666666,4807.111111111111
895,highheels,6440885,41.333333333333336,1189.888888888889
896,instastyle,26055914,30.333333333333332,1796.7777777777778
897,tflers,105629744,3.111111111111111,133.55555555555554
898,cardio,30824698,48.55555555555556,1045.888888888889
899,fitnessaddict,26233301,24.333333333333332,840.8888888888889
900,fashionable,15805896,21.77777777777778,1576.7777777777778
901,artistic,10292773,43.44444444444444,2135.5555555555557
902,outside,10409935,28.666666666666668,1196.2222222222222
903,instaday,13923640,15.88888888888889,818.8888888888889
904,tagforlikes,13369204,39.666666666666664,671.6666666666666
905,skirt,13681650,29.555555555555557,1001.5555555555555
906,place,10455346,38.0,3614.6666666666665
907,streetfashion,13216267,84.22222222222223,5987.888888888889
908,perfection,15140257,12.11111111111111,637.6666666666666
909,fitnessmodel,26796433,26.333333333333332,359.55555555555554
910,exercise,32465925,20.11111111111111,760.4444444444445
911,indie,9084631,12.777777777777779,252.88888888888889
912,kik,0,2.8484848484848486,279.030303030303
913,rest,6478146,23.77777777777778,755.3333333333334
914,lmfao,12825764,73.22222222222223,3744.6666666666665
915,instanature,11708333,14.666666666666666,426.0
916,selfietime,10952289,40.0,1921.3333333333333
917,tagsforlike,13245555,1.3333333333333333,63.111111111111114
918,season,6968306,20.666666666666668,611.2222222222222
919,fashionaddict,11010855,27.0,810.7777777777778
920,lookbook,0,31.88888888888889,1053.0277777777778
921,pale,5585489,51.666666666666664,6090.333333333333
922,bday,14016750,62.55555555555556,2098.222222222222
923,streetwear,17203177,38.333333333333336,3547.8888888888887
924,outfitoftheday,24361456,191.66666666666666,13395.777777777777
925,pup,11539099,42.44444444444444,2023.6666666666667
926,fashionstyle,15836484,50.77777777777778,990.0
927,italiangirl,7594654,16.666666666666668,214.55555555555554
928,hug,4106098,16.555555555555557,279.22222222222223
929,lookoftheday,19413395,113.22222222222223,4435.111111111111
930,curly,9198980,65.11111111111111,2640.4444444444443
931,squat,10503699,18.444444444444443,461.55555555555554
932,mothernature,10948692,17.77777777777778,1888.6666666666667
933,romance,0,15.11111111111111,728.3055555555555
934,candle,6306431,20.88888888888889,462.0
935,webstagram,77984355,1.8888888888888888,187.22222222222223
936,fashionblog,15231369,98.11111111111111,7084.111111111111
937,ready,12839664,43.55555555555556,1794.7777777777778
938,tourism,18364214,11.11111111111111,857.0
939,instago,68015051,9.88888888888889,277.0
940,hippie,7962147,26.11111111111111,1359.5555555555557
941,eating,15261436,60.111111111111114,1750.7777777777778
942,inspo,10744788,18.11111111111111,639.7777777777778
943,tourist,18615471,72.11111111111111,3642.6666666666665
944,following,19144881,29.333333333333332,182.33333333333334
945,vogue,12201665,76.77777777777777,5345.0
946,igersoftheday,10358839,13.333333333333334,972.6666666666666
947,fashiongram,15107543,36.333333333333336,711.0
948,skylovers,10425857,52.55555555555556,2345.6666666666665
949,goodfriends,7303927,15.555555555555555,330.8888888888889
950,fitnessmotivation,31921564,16.88888888888889,257.1111111111111
951,pant,632138,2.5555555555555554,75.22222222222223
952,instaselfie,11413818,8.444444444444445,204.33333333333334
953,instafun,13623392,25.77777777777778,639.8888888888889
954,capture,13196635,11.444444444444445,735.1111111111111
955,travelphotography,30813408,23.444444444444443,1150.6666666666667
956,christmas,100289332,263.6666666666667,3169.4444444444443
957,cloudporn,18698231,11.777777777777779,449.22222222222223
958,selfienation,7292071,12.333333333333334,164.44444444444446
959,wcw,61095778,9.555555555555555,828.5555555555555
960,fashiondiaries,14306375,44.666666666666664,3130.777777777778
961,bloom,5339301,8.666666666666666,605.6666666666666
962,igaddict,19252912,5.222222222222222,118.22222222222223
963,tweegram,76086654,0.6666666666666666,68.88888888888889
964,ksa,27459329,102.77777777777777,6258.777777777777
965,instagramhub,58426044,0.2222222222222222,19.22222222222222
966,instahappy,12023240,28.77777777777778,524.0
967,instalikes,11143685,6.222222222222222,173.55555555555554
968,awake,2883689,28.555555555555557,1005.7777777777778
969,horizon,7589130,24.22222222222222,1368.5555555555557
970,early,5763093,10.444444444444445,258.3333333333333
971,sweettooth,6833717,30.333333333333332,1033.2222222222222
972,statigram,22555541,4.0,207.88888888888889
973,instahub,24073223,4.666666666666667,140.0
974,dessertporn,4092343,72.11111111111111,3078.1111111111113
975,dusk,7577621,70.66666666666667,3489.222222222222
976,goingout,2877547,14.333333333333334,280.77777777777777
977,followher,30397499,6.222222222222222,142.11111111111111
978,blur,4505105,4.888888888888889,173.88888888888889
979,tagsta,6636218,3.888888888888889,524.3333333333334
980,hashtags,6623691,21.0,639.2222222222222
981,earlybird,4438994,77.44444444444444,3672.777777777778
982,twilight,7215304,40.111111111111114,2437.1111111111113
983,tagsforlikesapp,16553067,15.666666666666666,191.66666666666666
984,purse,12111067,20.555555555555557,897.4444444444445
985,swagger,4880666,19.555555555555557,516.4444444444445
986,inshot,3183445,9.666666666666666,494.22222222222223
987,gettingready,2642235,29.555555555555557,1857.111111111111
988,nocrop,6182167,2.6666666666666665,87.11111111111111
989,picstitch,37057704,6.0,99.33333333333333
990,instamorning,2251874,26.11111111111111,510.0
991,snooze,1748858,34.888888888888886,1357.3333333333333
992,shamelessselefie,3596785,4.0,98.22222222222223
993,textgram,9785136,5.111111111111111,354.8888888888889
994,wake,2532054,7.111111111111111,277.0
995,wakingup,1535199,71.55555555555556,2676.5555555555557
996,hters,2492642,5.222222222222222,114.88888888888889
997,daytime,1815289,26.11111111111111,530.5555555555555
